order_id,food_category,quantity_meals,perishability_score,distance_km,time_urgency_hours,ngo_capacity_meals,matched
ORD1001,cooked_meals,50,0.85,3.2,5.5,100,1
ORD1002,packaged_goods,120,0.20,12.5,48.0,150,1
ORD1003,cooked_meals,200,0.90,18.0,2.0,50,0
ORD1004,bakery,40,0.70,4.1,8.0,60,1
ORD1005,fresh_produce,80,0.60,6.5,24.0,100,1
ORD1006,cooked_meals,150,0.95,25.0,1.5,80,0
ORD1007,dairy,30,0.80,2.8,4.0,50,1
ORD1008,packaged_goods,300,0.15,8.0,72.0,400,1
ORD1009,cooked_meals,75,0.85,5.0,6.0,120,1
ORD1010,bakery,90,0.75,14.2,3.0,70,0
ORD1011,cooked_meals,60,0.80,2.1,7.0,80,1
ORD1012,fresh_produce,110,0.55,9.5,18.0,150,1
ORD1013,dairy,45,0.85,15.0,2.5,40,0
ORD1014,packaged_goods,250,0.10,4.5,96.0,300,1
ORD1015,cooked_meals,100,0.90,7.8,4.0,120,1
ORD1016,bakery,35,0.70,1.8,10.0,50,1
ORD1017,cooked_meals,180,0.95,22.0,1.0,100,0
ORD1018,fresh_produce,140,0.50,11.0,30.0,200,1
ORD1019,dairy,65,0.80,3.5,5.0,90,1
ORD1020,packaged_goods,500,0.10,30.0,120.0,250,0
ORD1021,cooked_meals,45,0.85,4.0,6.5,80,1
ORD1022,bakery,80,0.75,5.2,8.0,100,1
ORD1023,cooked_meals,220,0.90,16.5,2.0,120,0
ORD1024,fresh_produce,95,0.60,3.8,20.0,110,1
ORD1025,dairy,50,0.85,8.2,3.5,60,1
ORD1026,packaged_goods,180,0.15,6.0,60.0,200,1
ORD1027,cooked_meals,85,0.85,2.9,8.0,150,1
ORD1028,bakery,60,0.70,12.0,4.0,50,0
ORD1029,cooked_meals,130,0.90,6.4,5.0,140,1
ORD1030,fresh_produce,160,0.55,14.0,15.0,180,1
ORD1031,cooked_meals,40,0.80,1.5,9.0,60,1
ORD1032,packaged_goods,210,0.20,5.5,48.0,250,1
ORD1033,dairy,70,0.85,19.0,1.8,50,0
ORD1034,cooked_meals,110,0.85,7.0,4.5,100,1
ORD1035,bakery,55,0.75,3.1,7.5,80,1
ORD1036,fresh_produce,125,0.60,8.8,22.0,150,1
ORD1037,cooked_meals,190,0.95,21.5,1.2,120,0
ORD1038,packaged_goods,350,0.10,10.0,80.0,400,1
ORD1039,dairy,40,0.80,4.2,6.0,70,1
ORD1040,cooked_meals,95,0.85,5.8,5.5,110,1
ORD1041,bakery,75,0.70,15.5,2.5,60,0
ORD1042,cooked_meals,50,0.80,2.5,8.5,90,1
ORD1043,fresh_produce,105,0.55,6.2,26.0,130,1
ORD1044,dairy,80,0.85,11.5,3.0,75,0
ORD1045,packaged_goods,160,0.15,3.2,72.0,200,1
ORD1046,cooked_meals,140,0.90,8.5,4.0,150,1
ORD1047,bakery,45,0.75,2.0,9.0,60,1
ORD1048,cooked_meals,210,0.95,28.0,1.0,80,0
ORD1049,fresh_produce,150,0.50,9.0,28.0,180,1
ORD1050,dairy,55,0.80,4.8,5.2,80,1
